pair_id,reviewer_id,decision,chosen_issue_id,shown_left_issue_id,shown_right_issue_id,orientation,notes,timestamp
P0252,R1,B,SYN-PILOT-155,SYN-PILOT-331,SYN-PILOT-155,flipped,,2026-09-26T10:51:44.684Z
P0256,R1,B,SYN-PILOT-016,SYN-PILOT-318,SYN-PILOT-016,flipped,,2026-09-26T10:52:27.216Z
P0245,R1,B,SYN-PILOT-171,SYN-PILOT-047,SYN-PILOT-171,flipped,these both are severe issues but pothole and merging of lanes in the road can cause an accident,2026-09-26T10:54:58.116Z
P0221,R1,B,SYN-PILOT-306,SYN-PILOT-155,SYN-PILOT-306,flipped,,2026-09-26T10:56:22.382Z
P0248,R1,B,SYN-PILOT-029,SYN-PILOT-247,SYN-PILOT-029,as_stored,,2026-09-26T10:56:38.048Z
P0278,R1,A,SYN-PILOT-208,SYN-PILOT-208,SYN-PILOT-285,flipped,,2026-09-26T10:57:01.199Z
P0264,R1,A,SYN-PILOT-069,SYN-PILOT-069,SYN-PILOT-262,as_stored,,2026-09-26T10:57:28.949Z
P0267,R1,B,SYN-PILOT-165,SYN-PILOT-388,SYN-PILOT-165,flipped,,2026-09-26T10:57:40.665Z
P0266,R1,A,SYN-PILOT-147,SYN-PILOT-147,SYN-PILOT-392,as_stored,,2026-09-26T20:17:21.767Z
P0026,R1,B,SYN-PILOT-223,SYN-PILOT-276,SYN-PILOT-223,as_stored,,2026-09-26T20:17:57.616Z
P0069,R1,CANNOT_DETERMINE,,SYN-PILOT-305,SYN-PILOT-161,flipped,"both are severe problems , and should executed immediately",2026-09-26T20:19:24.001Z
P0071,R1,B,SYN-PILOT-071,SYN-PILOT-237,SYN-PILOT-071,as_stored,,2026-09-26T20:21:30.285Z
P0073,R1,A,SYN-PILOT-156,SYN-PILOT-156,SYN-PILOT-394,as_stored,,2026-09-26T20:21:40.685Z
P0028,R1,B,SYN-PILOT-090,SYN-PILOT-262,SYN-PILOT-090,as_stored,,2026-09-26T20:22:03.985Z
P0015,R1,B,SYN-PILOT-106,SYN-PILOT-317,SYN-PILOT-106,as_stored,,2026-09-26T20:22:19.485Z
P0003,R1,B,SYN-PILOT-159,SYN-PILOT-315,SYN-PILOT-159,flipped,,2026-09-26T20:22:35.735Z
P0120,R1,A,SYN-PILOT-071,SYN-PILOT-071,SYN-PILOT-276,flipped,,2026-09-26T20:22:57.386Z
P0169,R1,B,SYN-PILOT-111,SYN-PILOT-333,SYN-PILOT-111,as_stored,,2026-09-26T20:23:46.785Z
P0135,R1,B,SYN-PILOT-038,SYN-PILOT-396,SYN-PILOT-038,flipped,,2026-09-26T20:24:04.299Z
P0126,R1,A,SYN-PILOT-087,SYN-PILOT-087,SYN-PILOT-295,flipped,,2026-09-26T20:24:19.170Z
P0134,R1,B,SYN-PILOT-211,SYN-PILOT-271,SYN-PILOT-211,as_stored,,2026-09-26T20:24:56.685Z
P0157,R1,A,SYN-PILOT-393,SYN-PILOT-393,SYN-PILOT-037,flipped,,2026-09-26T20:25:18.752Z
P0237,R1,A,SYN-PILOT-016,SYN-PILOT-016,SYN-PILOT-321,as_stored,,2026-09-26T20:25:56.184Z
P0297,R1,B,SYN-PILOT-303,SYN-PILOT-290,SYN-PILOT-303,as_stored,,2026-09-26T20:26:12.393Z
P0239,R1,A,SYN-PILOT-182,SYN-PILOT-182,SYN-PILOT-096,as_stored,,2026-09-26T20:26:38.951Z
P0298,R1,B,SYN-PILOT-108,SYN-PILOT-011,SYN-PILOT-108,flipped,,2026-09-26T20:27:20.802Z
P0288,R1,A,SYN-PILOT-203,SYN-PILOT-203,SYN-PILOT-085,as_stored,,2026-09-26T20:27:42.901Z
P0207,R1,B,SYN-PILOT-096,SYN-PILOT-167,SYN-PILOT-096,flipped,,2026-09-26T20:28:02.502Z
P0213,R1,A,SYN-PILOT-156,SYN-PILOT-156,SYN-PILOT-312,as_stored,,2026-09-26T20:28:27.901Z
P0042,R1,B,SYN-PILOT-138,SYN-PILOT-266,SYN-PILOT-138,as_stored,,2026-09-26T20:29:00.887Z
P0036,R1,B,SYN-PILOT-318,SYN-PILOT-073,SYN-PILOT-318,flipped,,2026-09-26T20:29:17.068Z
P0171,R1,A,SYN-PILOT-387,SYN-PILOT-387,SYN-PILOT-252,flipped,,2026-09-26T20:33:31.816Z
P0173,R1,B,SYN-PILOT-087,SYN-PILOT-289,SYN-PILOT-087,flipped,,2026-09-26T20:33:40.581Z
P0172,R1,A,SYN-PILOT-008,SYN-PILOT-008,SYN-PILOT-294,as_stored,,2026-09-26T20:34:05.717Z
P0054,R1,A,SYN-PILOT-330,SYN-PILOT-330,SYN-PILOT-108,flipped,,2026-09-26T20:34:24.784Z
P0178,R1,CANNOT_DETERMINE,,SYN-PILOT-175,SYN-PILOT-014,as_stored,,2026-09-26T20:34:47.100Z
P0051,R1,B,SYN-PILOT-017,SYN-PILOT-083,SYN-PILOT-017,as_stored,,2026-09-26T20:35:14.167Z
P0111,R1,B,SYN-PILOT-203,SYN-PILOT-254,SYN-PILOT-203,flipped,,2026-09-26T20:35:57.168Z
P0110,R1,B,SYN-PILOT-241,SYN-PILOT-089,SYN-PILOT-241,as_stored,,2026-09-26T20:40:53.517Z
P0184,R1,B,SYN-PILOT-195,SYN-PILOT-099,SYN-PILOT-195,flipped,,2026-09-26T20:41:08.616Z
P0061,R1,A,SYN-PILOT-317,SYN-PILOT-317,SYN-PILOT-109,flipped,,2026-09-26T20:41:36.516Z
P0064,R1,A,SYN-PILOT-107,SYN-PILOT-107,SYN-PILOT-398,as_stored,,2026-09-26T20:41:58.568Z
P0016,R1,B,SYN-PILOT-131,SYN-PILOT-273,SYN-PILOT-131,flipped,,2026-09-26T20:42:17.816Z
P0067,R1,B,SYN-PILOT-085,SYN-PILOT-090,SYN-PILOT-085,flipped,,2026-09-26T20:43:06.983Z
P0012,R1,B,SYN-PILOT-078,SYN-PILOT-040,SYN-PILOT-078,flipped,,2026-09-26T20:43:20.999Z
P0019,R1,A,SYN-PILOT-264,SYN-PILOT-264,SYN-PILOT-008,as_stored,,2026-09-26T20:44:37.282Z
P0094,R1,B,SYN-PILOT-108,SYN-PILOT-400,SYN-PILOT-108,flipped,,2026-09-26T20:45:17.199Z
P0079,R1,A,SYN-PILOT-128,SYN-PILOT-128,SYN-PILOT-237,as_stored,,2026-09-26T20:47:26.332Z
P0088,R1,B,SYN-PILOT-162,SYN-PILOT-325,SYN-PILOT-162,as_stored,,2026-09-26T20:47:39.965Z
P0076,R1,A,SYN-PILOT-168,SYN-PILOT-168,SYN-PILOT-392,flipped,,2026-09-26T20:47:53.815Z
P0164,R1,B,SYN-PILOT-113,SYN-PILOT-126,SYN-PILOT-113,flipped,,2026-09-26T20:48:20.365Z
P0097,R1,B,SYN-PILOT-326,SYN-PILOT-167,SYN-PILOT-326,as_stored,,2026-09-26T20:48:32.399Z
P0114,R1,B,SYN-PILOT-149,SYN-PILOT-386,SYN-PILOT-149,as_stored,,2026-09-26T20:50:12.315Z
P0091,R1,A,SYN-PILOT-081,SYN-PILOT-081,SYN-PILOT-099,as_stored,,2026-09-26T20:50:36.182Z
P0085,R1,A,SYN-PILOT-149,SYN-PILOT-149,SYN-PILOT-278,flipped,,2026-09-26T20:50:49.008Z
P0117,R1,A,SYN-PILOT-095,SYN-PILOT-095,SYN-PILOT-242,flipped,,2026-09-26T20:53:10.068Z
P0167,R1,A,SYN-PILOT-035,SYN-PILOT-035,SYN-PILOT-297,as_stored,,2026-09-26T20:53:33.464Z
P0177,R1,B,SYN-PILOT-036,SYN-PILOT-242,SYN-PILOT-036,flipped,,2026-09-26T20:53:46.267Z
P0072,R1,B,SYN-PILOT-325,SYN-PILOT-163,SYN-PILOT-325,flipped,,2026-09-26T20:53:59.952Z
P0161,R1,B,SYN-PILOT-236,SYN-PILOT-177,SYN-PILOT-236,as_stored,,2026-09-26T20:54:37.134Z
P0082,R1,B,SYN-PILOT-231,SYN-PILOT-043,SYN-PILOT-231,as_stored,,2026-09-26T20:55:06.467Z
P0174,R1,B,SYN-PILOT-147,SYN-PILOT-286,SYN-PILOT-147,as_stored,,2026-09-26T20:55:51.170Z
P0272,R1,B,SYN-PILOT-326,SYN-PILOT-112,SYN-PILOT-326,flipped,,2026-09-26T20:57:19.718Z
P0210,R1,B,SYN-PILOT-120,SYN-PILOT-324,SYN-PILOT-120,flipped,,2026-09-26T20:57:55.433Z
P0275,R1,A,SYN-PILOT-197,SYN-PILOT-197,SYN-PILOT-335,as_stored,,2026-09-26T20:58:27.317Z
P0217,R1,A,SYN-PILOT-016,SYN-PILOT-016,SYN-PILOT-219,as_stored,,2026-09-26T20:58:40.100Z
P0214,R1,A,SYN-PILOT-388,SYN-PILOT-388,SYN-PILOT-167,flipped,issue B has a wrong interpretation of the complaint,2026-09-26T20:59:46.286Z
P0206,R1,B,SYN-PILOT-063,SYN-PILOT-049,SYN-PILOT-063,as_stored,,2026-09-26T21:01:10.533Z
P0279,R1,A,SYN-PILOT-134,SYN-PILOT-134,SYN-PILOT-289,as_stored,,2026-09-26T21:02:37.439Z
P0200,R1,B,SYN-PILOT-149,SYN-PILOT-390,SYN-PILOT-149,as_stored,,2026-09-26T21:03:46.916Z
P0203,R1,A,SYN-PILOT-167,SYN-PILOT-167,SYN-PILOT-043,flipped,,2026-09-26T21:04:05.383Z
P0292,R1,A,SYN-PILOT-063,SYN-PILOT-063,SYN-PILOT-217,flipped,,2026-09-26T21:05:18.382Z
P0227,R1,A,SYN-PILOT-111,SYN-PILOT-111,SYN-PILOT-322,flipped,,2026-09-26T21:06:49.416Z
P0295,R1,B,SYN-PILOT-017,SYN-PILOT-351,SYN-PILOT-017,as_stored,,2026-09-26T21:07:02.917Z
P0224,R1,B,SYN-PILOT-160,SYN-PILOT-395,SYN-PILOT-160,as_stored,,2026-09-26T21:07:23.242Z
P0220,R1,B,SYN-PILOT-253,SYN-PILOT-203,SYN-PILOT-253,as_stored,,2026-09-26T21:07:50.071Z
P0058,R1,A,SYN-PILOT-059,SYN-PILOT-059,SYN-PILOT-269,flipped,,2026-09-26T21:08:03.018Z
P0006,R1,B,SYN-PILOT-065,SYN-PILOT-253,SYN-PILOT-065,as_stored,,2026-09-26T21:08:32.983Z
P0002,R1,CANNOT_DETERMINE,,SYN-PILOT-012,SYN-PILOT-138,as_stored,,2026-09-26T21:09:03.475Z
P0050,R1,B,SYN-PILOT-181,SYN-PILOT-029,SYN-PILOT-181,flipped,,2026-09-26T21:09:28.621Z
P0033,R1,B,SYN-PILOT-019,SYN-PILOT-116,SYN-PILOT-019,as_stored,,2026-09-26T21:09:59.110Z
P0030,R1,B,SYN-PILOT-134,SYN-PILOT-249,SYN-PILOT-134,flipped,,2026-09-26T21:10:23.687Z
P0055,R1,B,SYN-PILOT-223,SYN-PILOT-293,SYN-PILOT-223,as_stored,,2026-09-26T21:10:42.015Z
P0009,R1,B,SYN-PILOT-069,SYN-PILOT-244,SYN-PILOT-069,flipped,,2026-09-26T21:10:56.290Z
P0025,R1,A,SYN-PILOT-162,SYN-PILOT-162,SYN-PILOT-278,flipped,,2026-09-26T21:11:10.412Z
P0040,R1,A,SYN-PILOT-059,SYN-PILOT-059,SYN-PILOT-067,as_stored,,2026-09-26T21:11:38.555Z
P0047,R1,A,SYN-PILOT-157,SYN-PILOT-157,SYN-PILOT-325,flipped,,2026-09-26T21:12:03.944Z
P0037,R1,B,SYN-PILOT-126,SYN-PILOT-122,SYN-PILOT-126,as_stored,,2026-09-26T21:12:33.908Z
P0044,R1,B,SYN-PILOT-061,SYN-PILOT-259,SYN-PILOT-061,as_stored,,2026-09-26T21:13:04.842Z
P0128,R1,A,SYN-PILOT-203,SYN-PILOT-203,SYN-PILOT-244,flipped,,2026-09-26T21:13:20.753Z
P0185,R1,A,SYN-PILOT-240,SYN-PILOT-240,SYN-PILOT-134,as_stored,,2026-09-26T21:13:32.101Z
P0022,R1,B,SYN-PILOT-149,SYN-PILOT-392,SYN-PILOT-149,as_stored,,2026-09-26T21:13:37.767Z
P0148,R1,B,SYN-PILOT-016,SYN-PILOT-222,SYN-PILOT-016,flipped,,2026-09-26T21:14:01.201Z
P0181,R1,B,SYN-PILOT-075,SYN-PILOT-300,SYN-PILOT-075,as_stored,,2026-09-26T21:14:16.367Z
P0139,R1,B,SYN-PILOT-044,SYN-PILOT-003,SYN-PILOT-044,flipped,,2026-09-26T21:18:38.138Z
P0191,R1,B,SYN-PILOT-107,SYN-PILOT-397,SYN-PILOT-107,flipped,,2026-09-26T21:19:06.167Z
P0121,R1,A,SYN-PILOT-342,SYN-PILOT-342,SYN-PILOT-359,as_stored,the interpretation of the complaint of a is wrong there is no mention of any hospital!,2026-09-26T21:20:14.103Z
P0142,R1,B,SYN-PILOT-170,SYN-PILOT-316,SYN-PILOT-170,flipped,,2026-09-26T21:21:13.711Z
P0158,R1,B,SYN-PILOT-081,SYN-PILOT-249,SYN-PILOT-081,as_stored,,2026-09-26T21:21:31.834Z
P0188,R1,B,SYN-PILOT-321,SYN-PILOT-073,SYN-PILOT-321,flipped,,2026-09-26T21:21:57.255Z
P0124,R1,A,SYN-PILOT-227,SYN-PILOT-227,SYN-PILOT-273,flipped,,2026-09-26T21:47:25.055Z
P0131,R1,B,SYN-PILOT-227,SYN-PILOT-280,SYN-PILOT-227,flipped,,2026-09-26T21:47:49.746Z
P0109,R1,A,SYN-PILOT-027,SYN-PILOT-027,SYN-PILOT-161,as_stored,,2026-09-26T21:48:12.662Z
P0194,R1,A,SYN-PILOT-220,SYN-PILOT-220,SYN-PILOT-043,as_stored,,2026-09-26T21:48:32.864Z
P0106,R1,A,SYN-PILOT-089,SYN-PILOT-089,SYN-PILOT-099,flipped,,2026-09-26T21:48:40.580Z
P0154,R1,B,SYN-PILOT-157,SYN-PILOT-335,SYN-PILOT-157,as_stored,,2026-09-26T21:48:59.146Z
P0263,R1,B,SYN-PILOT-250,SYN-PILOT-061,SYN-PILOT-250,flipped,"the issue a has mentioned light  being dead , but the interpretation doesn't state it",2026-09-26T21:49:50.763Z
P0197,R1,A,SYN-PILOT-142,SYN-PILOT-142,SYN-PILOT-067,flipped,,2026-09-26T21:50:09.999Z
P0136,R1,A,SYN-PILOT-118,SYN-PILOT-118,SYN-PILOT-315,as_stored,,2026-09-26T21:50:33.881Z
P0145,R1,B,SYN-PILOT-351,SYN-PILOT-321,SYN-PILOT-351,as_stored,,2026-09-26T21:50:43.796Z
P0151,R1,A,SYN-PILOT-085,SYN-PILOT-085,SYN-PILOT-211,flipped,,2026-09-26T21:51:00.129Z
P0260,R1,B,SYN-PILOT-155,SYN-PILOT-328,SYN-PILOT-155,as_stored,,2026-09-26T21:51:18.967Z
P0257,R1,B,SYN-PILOT-223,SYN-PILOT-271,SYN-PILOT-223,as_stored,,2026-09-26T21:51:35.692Z
P0103,R1,A,SYN-PILOT-023,SYN-PILOT-023,SYN-PILOT-252,as_stored,,2026-09-26T21:51:48.221Z
P0100,R1,B,SYN-PILOT-127,SYN-PILOT-323,SYN-PILOT-127,flipped,,2026-09-26T21:51:57.699Z
P0249,R1,A,SYN-PILOT-136,SYN-PILOT-136,SYN-PILOT-357,flipped,,2026-09-26T21:52:15.113Z
P0253,R1,SAME,,SYN-PILOT-399,SYN-PILOT-165,as_stored,,2026-09-26T21:52:51.362Z
P0269,R1,B,SYN-PILOT-118,SYN-PILOT-326,SYN-PILOT-118,flipped,,2026-09-26T21:53:08.599Z
P0241,R1,B,SYN-PILOT-307,SYN-PILOT-159,SYN-PILOT-307,flipped,,2026-09-26T21:53:35.029Z
P0289,R1,B,SYN-PILOT-154,SYN-PILOT-400,SYN-PILOT-154,flipped,,2026-09-26T21:53:49.258Z
P0285,R1,A,SYN-PILOT-399,SYN-PILOT-399,SYN-PILOT-156,flipped,,2026-09-26T21:54:00.770Z
P0244,R1,A,SYN-PILOT-004,SYN-PILOT-004,SYN-PILOT-396,as_stored,,2026-09-26T21:54:25.046Z
P0236,R1,A,SYN-PILOT-236,SYN-PILOT-236,SYN-PILOT-219,flipped,,2026-09-26T21:54:45.700Z
P0230,R1,SAME,,SYN-PILOT-170,SYN-PILOT-330,flipped,,2026-09-26T21:55:11.147Z
P0233,R1,A,SYN-PILOT-334,SYN-PILOT-334,SYN-PILOT-093,as_stored,,2026-09-26T21:55:40.367Z
P0282,R1,A,SYN-PILOT-158,SYN-PILOT-158,SYN-PILOT-388,as_stored,,2026-09-26T21:56:00.654Z
P0300,R1,B,SYN-PILOT-125,SYN-PILOT-306,SYN-PILOT-125,flipped,,2026-09-26T21:56:45.314Z
P0029,R1,A,SYN-PILOT-111,SYN-PILOT-111,SYN-PILOT-328,flipped,,2026-09-26T21:56:59.681Z
P0053,R1,A,SYN-PILOT-014,SYN-PILOT-014,SYN-PILOT-197,as_stored,,2026-09-26T21:57:22.865Z
P0052,R1,B,SYN-PILOT-087,SYN-PILOT-294,SYN-PILOT-087,flipped,,2026-09-26T21:58:00.282Z
P0024,R1,B,SYN-PILOT-216,SYN-PILOT-295,SYN-PILOT-216,as_stored,,2026-09-26T21:58:22.115Z
P0039,R1,B,SYN-PILOT-211,SYN-PILOT-283,SYN-PILOT-211,as_stored,,2026-09-26T21:58:49.915Z
P0038,R1,B,SYN-PILOT-071,SYN-PILOT-295,SYN-PILOT-071,flipped,,2026-09-26T21:59:13.698Z
P0057,R1,A,SYN-PILOT-333,SYN-PILOT-333,SYN-PILOT-163,as_stored,,2026-09-26T21:59:35.849Z
P0027,R1,SAME,,SYN-PILOT-039,SYN-PILOT-135,flipped,,2026-09-26T22:00:05.197Z
P0056,R1,A,SYN-PILOT-217,SYN-PILOT-217,SYN-PILOT-274,flipped,,2026-09-26T22:00:44.168Z
P0020,R1,A,SYN-PILOT-162,SYN-PILOT-162,SYN-PILOT-328,as_stored,,2026-09-26T22:01:01.941Z
P0021,R1,B,SYN-PILOT-237,SYN-PILOT-187,SYN-PILOT-237,flipped,,2026-09-26T22:01:32.048Z
P0035,R1,B,SYN-PILOT-065,SYN-PILOT-259,SYN-PILOT-065,as_stored,,2026-09-26T22:01:58.839Z
P0034,R1,A,SYN-PILOT-217,SYN-PILOT-217,SYN-PILOT-276,flipped,,2026-09-26T22:02:35.348Z
P0023,R1,A,SYN-PILOT-153,SYN-PILOT-153,SYN-PILOT-386,flipped,,2026-09-26T22:03:07.682Z
P0032,R1,B,SYN-PILOT-142,SYN-PILOT-293,SYN-PILOT-142,flipped,,2026-09-26T22:04:22.532Z
P0031,R1,B,SYN-PILOT-089,SYN-PILOT-076,SYN-PILOT-089,as_stored,,2026-09-26T22:04:56.915Z
P0201,R1,B,SYN-PILOT-286,SYN-PILOT-152,SYN-PILOT-286,flipped,,2026-09-26T22:06:28.899Z
P0202,R1,B,SYN-PILOT-088,SYN-PILOT-287,SYN-PILOT-088,as_stored,,2026-09-26T22:06:47.681Z
P0262,R1,SAME,,SYN-PILOT-196,SYN-PILOT-098,as_stored,,2026-09-26T22:07:07.182Z
P0204,R1,A,SYN-PILOT-106,SYN-PILOT-106,SYN-PILOT-077,as_stored,,2026-09-26T22:07:21.298Z
P0205,R1,B,SYN-PILOT-208,SYN-PILOT-051,SYN-PILOT-208,flipped,,2026-09-26T22:08:09.064Z
P0261,R1,B,SYN-PILOT-034,SYN-PILOT-311,SYN-PILOT-034,flipped,,2026-09-26T22:08:47.181Z
P0274,R1,B,SYN-PILOT-032,SYN-PILOT-222,SYN-PILOT-032,flipped,,2026-09-26T22:10:32.149Z
P0277,R1,A,SYN-PILOT-021,SYN-PILOT-021,SYN-PILOT-264,as_stored,,2026-09-26T22:11:04.459Z
P0208,R1,A,SYN-PILOT-121,SYN-PILOT-121,SYN-PILOT-310,as_stored,,2026-09-26T22:19:49.867Z
P0276,R1,A,SYN-PILOT-021,SYN-PILOT-021,SYN-PILOT-076,flipped,,2026-09-26T22:20:12.994Z
P0209,R1,B,SYN-PILOT-162,SYN-PILOT-136,SYN-PILOT-162,flipped,,2026-09-26T22:20:36.630Z
P0265,R1,A,SYN-PILOT-131,SYN-PILOT-131,SYN-PILOT-245,flipped,,2026-09-26T22:21:21.800Z
P0271,R1,A,SYN-PILOT-182,SYN-PILOT-182,SYN-PILOT-309,as_stored,,2026-09-26T22:21:45.027Z
P0270,R1,B,SYN-PILOT-145,SYN-PILOT-271,SYN-PILOT-145,flipped,,2026-09-26T22:22:01.093Z
P0273,R1,A,SYN-PILOT-011,SYN-PILOT-011,SYN-PILOT-112,as_stored,,2026-09-26T22:22:26.661Z
P0268,R1,A,SYN-PILOT-008,SYN-PILOT-008,SYN-PILOT-289,as_stored,,2026-09-26T22:22:42.628Z
P0259,R1,B,SYN-PILOT-168,SYN-PILOT-386,SYN-PILOT-168,as_stored,,2026-09-26T22:23:06.036Z
P0258,R1,A,SYN-PILOT-070,SYN-PILOT-070,SYN-PILOT-378,flipped,,2026-09-26T22:24:06.984Z
P0255,R1,B,SYN-PILOT-245,SYN-PILOT-098,SYN-PILOT-245,as_stored,,2026-09-26T22:25:00.568Z
P0254,R1,A,SYN-PILOT-021,SYN-PILOT-021,SYN-PILOT-294,flipped,,2026-09-26T22:25:43.650Z
P0251,R1,A,SYN-PILOT-400,SYN-PILOT-400,SYN-PILOT-151,as_stored,,2026-09-26T22:26:09.676Z
P0250,R1,B,SYN-PILOT-328,SYN-PILOT-151,SYN-PILOT-328,flipped,,2026-09-26T22:26:26.296Z
P0190,R1,B,SYN-PILOT-139,SYN-PILOT-003,SYN-PILOT-139,as_stored,,2026-09-26T22:27:03.033Z
P0192,R1,B,SYN-PILOT-119,SYN-PILOT-122,SYN-PILOT-119,as_stored,,2026-09-26T22:28:14.968Z
P0193,R1,A,SYN-PILOT-005,SYN-PILOT-005,SYN-PILOT-274,flipped,,2026-09-26T22:28:39.985Z
P0183,R1,A,SYN-PILOT-145,SYN-PILOT-145,SYN-PILOT-273,as_stored,,2026-09-26T22:28:48.036Z
P0182,R1,A,SYN-PILOT-008,SYN-PILOT-008,SYN-PILOT-280,flipped,,2026-09-26T22:29:42.800Z
P0195,R1,B,SYN-PILOT-244,SYN-PILOT-394,SYN-PILOT-244,flipped,,2026-09-26T22:30:01.504Z
P0155,R1,A,SYN-PILOT-063,SYN-PILOT-063,SYN-PILOT-021,flipped,,2026-09-26T22:30:15.680Z
P0196,R1,B,SYN-PILOT-310,SYN-PILOT-112,SYN-PILOT-310,as_stored,,2026-09-26T22:30:33.935Z
P0180,R1,A,SYN-PILOT-204,SYN-PILOT-204,SYN-PILOT-244,flipped,,2026-09-26T22:31:12.826Z
P0156,R1,B,SYN-PILOT-108,SYN-PILOT-387,SYN-PILOT-108,as_stored,,2026-09-26T22:31:39.152Z
P0187,R1,A,SYN-PILOT-135,SYN-PILOT-135,SYN-PILOT-295,as_stored,,2026-09-26T22:32:01.269Z
P0147,R1,A,SYN-PILOT-397,SYN-PILOT-397,SYN-PILOT-154,as_stored,,2026-09-26T22:32:16.835Z
P0198,R1,A,SYN-PILOT-134,SYN-PILOT-134,SYN-PILOT-357,as_stored,,2026-09-26T22:32:54.669Z
P0186,R1,A,SYN-PILOT-211,SYN-PILOT-211,SYN-PILOT-289,flipped,,2026-09-26T22:33:14.658Z
P0118,R1,A,SYN-PILOT-166,SYN-PILOT-166,SYN-PILOT-387,as_stored,,2026-09-26T22:33:29.987Z
P0150,R1,A,SYN-PILOT-019,SYN-PILOT-019,SYN-PILOT-245,as_stored,,2026-09-26T22:33:46.468Z
P0146,R1,B,SYN-PILOT-127,SYN-PILOT-331,SYN-PILOT-127,flipped,,2026-09-26T22:33:59.029Z
P0199,R1,B,SYN-PILOT-145,SYN-PILOT-254,SYN-PILOT-145,flipped,,2026-09-26T22:34:11.552Z
P0119,R1,A,SYN-PILOT-216,SYN-PILOT-216,SYN-PILOT-266,flipped,,2026-09-26T22:34:33.319Z
P0152,R1,A,SYN-PILOT-231,SYN-PILOT-231,SYN-PILOT-283,as_stored,,2026-09-26T22:36:03.716Z
P0144,R1,B,SYN-PILOT-165,SYN-PILOT-094,SYN-PILOT-165,flipped,,2026-09-26T22:36:25.869Z
P0153,R1,B,SYN-PILOT-131,SYN-PILOT-271,SYN-PILOT-131,flipped,,2026-09-26T22:38:35.702Z
P0143,R1,A,SYN-PILOT-157,SYN-PILOT-157,SYN-PILOT-322,as_stored,,2026-09-26T22:39:35.887Z
P0189,R1,A,SYN-PILOT-035,SYN-PILOT-035,SYN-PILOT-051,as_stored,,2026-09-26T22:39:50.023Z
P0141,R1,B,SYN-PILOT-005,SYN-PILOT-287,SYN-PILOT-005,as_stored,,2026-09-26T22:40:09.671Z
P0179,R1,B,SYN-PILOT-160,SYN-PILOT-286,SYN-PILOT-160,flipped,,2026-09-26T22:41:03.020Z
P0140,R1,A,SYN-PILOT-297,SYN-PILOT-297,SYN-PILOT-088,flipped,,2026-09-26T22:41:58.185Z
P0159,R1,A,SYN-PILOT-159,SYN-PILOT-159,SYN-PILOT-309,flipped,,2026-09-26T22:42:31.856Z
P0112,R1,A,SYN-PILOT-326,SYN-PILOT-326,SYN-PILOT-169,as_stored,,2026-09-26T22:42:49.693Z
P0168,R1,A,SYN-PILOT-114,SYN-PILOT-114,SYN-PILOT-259,flipped,,2026-09-26T22:43:10.336Z
P0113,R1,A,SYN-PILOT-153,SYN-PILOT-153,SYN-PILOT-400,flipped,,2026-09-26T22:43:24.803Z
P0060,R1,A,SYN-PILOT-083,SYN-PILOT-083,SYN-PILOT-073,as_stored,,2026-09-26T22:43:57.775Z
P0170,R1,A,SYN-PILOT-036,SYN-PILOT-036,SYN-PILOT-252,as_stored,,2026-09-26T22:44:34.202Z
P0115,R1,A,SYN-PILOT-388,SYN-PILOT-388,SYN-PILOT-103,flipped,,2026-09-26T22:45:28.303Z
P0149,R1,B,SYN-PILOT-087,SYN-PILOT-240,SYN-PILOT-087,as_stored,,2026-09-26T22:45:51.747Z
P0165,R1,A,SYN-PILOT-091,SYN-PILOT-091,SYN-PILOT-229,as_stored,,2026-09-26T22:45:58.902Z
P0062,R1,B,SYN-PILOT-114,SYN-PILOT-252,SYN-PILOT-114,as_stored,,2026-09-26T22:47:44.237Z
P0116,R1,B,SYN-PILOT-032,SYN-PILOT-142,SYN-PILOT-032,as_stored,,2026-09-26T22:48:03.403Z
P0176,R1,B,SYN-PILOT-217,SYN-PILOT-297,SYN-PILOT-217,as_stored,,2026-09-26T22:48:14.354Z
P0063,R1,B,SYN-PILOT-197,SYN-PILOT-312,SYN-PILOT-197,flipped,,2026-09-26T22:48:33.416Z
P0166,R1,A,SYN-PILOT-135,SYN-PILOT-135,SYN-PILOT-266,flipped,,2026-09-26T22:49:05.753Z
P0065,R1,A,SYN-PILOT-264,SYN-PILOT-264,SYN-PILOT-208,flipped,,2026-09-26T22:49:46.487Z
P0001,R1,B,SYN-PILOT-035,SYN-PILOT-264,SYN-PILOT-035,flipped,,2026-09-26T22:50:00.037Z
P0175,R1,A,SYN-PILOT-222,SYN-PILOT-222,SYN-PILOT-287,flipped,,2026-09-26T22:50:24.470Z
P0066,R1,A,SYN-PILOT-225,SYN-PILOT-225,SYN-PILOT-226,as_stored,,2026-09-26T22:50:35.839Z
P0070,R1,B,SYN-PILOT-104,SYN-PILOT-390,SYN-PILOT-104,flipped,,2026-09-26T22:50:45.103Z
P0046,R1,A,SYN-PILOT-280,SYN-PILOT-280,SYN-PILOT-055,as_stored,,2026-09-26T22:50:56.053Z
P0014,R1,B,SYN-PILOT-236,SYN-PILOT-231,SYN-PILOT-236,flipped,,2026-09-26T22:51:07.120Z
P0160,R1,A,SYN-PILOT-318,SYN-PILOT-318,SYN-PILOT-340,flipped,,2026-09-26T22:51:21.793Z
P0077,R1,B,SYN-PILOT-266,SYN-PILOT-055,SYN-PILOT-266,as_stored,,2026-09-26T22:51:39.187Z
P0007,R1,A,SYN-PILOT-110,SYN-PILOT-110,SYN-PILOT-389,flipped,,2026-09-26T22:52:53.987Z
P0017,R1,A,SYN-PILOT-138,SYN-PILOT-138,SYN-PILOT-294,as_stored,,2026-09-26T22:53:05.738Z
P0163,R1,A,SYN-PILOT-138,SYN-PILOT-138,SYN-PILOT-269,as_stored,,2026-09-26T22:53:17.536Z
P0068,R1,B,SYN-PILOT-151,SYN-PILOT-322,SYN-PILOT-151,as_stored,,2026-09-26T22:54:10.171Z
P0004,R1,A,SYN-PILOT-154,SYN-PILOT-154,SYN-PILOT-399,as_stored,,2026-09-26T22:54:21.220Z
P0162,R1,A,SYN-PILOT-013,SYN-PILOT-013,SYN-PILOT-171,flipped,,2026-09-26T22:54:33.453Z
P0075,R1,A,SYN-PILOT-044,SYN-PILOT-044,SYN-PILOT-247,as_stored,,2026-09-26T22:54:54.786Z
P0045,R1,B,SYN-PILOT-118,SYN-PILOT-310,SYN-PILOT-118,flipped,,2026-09-26T22:55:03.968Z
P0005,R1,B,SYN-PILOT-106,SYN-PILOT-324,SYN-PILOT-106,flipped,,2026-09-26T22:55:16.071Z
P0011,R1,A,SYN-PILOT-017,SYN-PILOT-017,SYN-PILOT-357,as_stored,,2026-09-26T22:55:29.821Z
P0074,R1,B,SYN-PILOT-131,SYN-PILOT-274,SYN-PILOT-131,flipped,,2026-09-26T22:55:44.352Z
P0010,R1,A,SYN-PILOT-394,SYN-PILOT-394,SYN-PILOT-163,flipped,,2026-09-26T22:56:36.088Z
P0043,R1,A,SYN-PILOT-245,SYN-PILOT-245,SYN-PILOT-090,flipped,,2026-09-26T22:56:59.738Z
P0013,R1,B,SYN-PILOT-333,SYN-PILOT-170,SYN-PILOT-333,as_stored,,2026-09-26T22:57:28.900Z
P0008,R1,B,SYN-PILOT-231,SYN-PILOT-269,SYN-PILOT-231,as_stored,,2026-09-26T22:57:48.398Z
P0041,R1,A,SYN-PILOT-262,SYN-PILOT-262,SYN-PILOT-232,flipped,,2026-09-26T22:58:07.801Z
P0089,R1,B,SYN-PILOT-234,SYN-PILOT-273,SYN-PILOT-234,flipped,,2026-09-26T22:58:39.056Z
P0078,R1,A,SYN-PILOT-136,SYN-PILOT-136,SYN-PILOT-287,flipped,,2026-09-26T22:59:25.870Z
P0099,R1,B,SYN-PILOT-130,SYN-PILOT-113,SYN-PILOT-130,as_stored,,2026-09-26T22:59:45.236Z
P0018,R1,B,SYN-PILOT-222,SYN-PILOT-254,SYN-PILOT-222,flipped,,2026-09-26T23:00:09.671Z
P0098,R1,B,SYN-PILOT-107,SYN-PILOT-395,SYN-PILOT-107,flipped,,2026-09-26T23:00:24.380Z
P0083,R1,A,SYN-PILOT-043,SYN-PILOT-043,SYN-PILOT-055,flipped,,2026-09-26T23:00:40.555Z
P0048,R1,B,SYN-PILOT-240,SYN-PILOT-136,SYN-PILOT-240,as_stored,,2026-09-26T23:00:53.803Z
P0080,R1,B,SYN-PILOT-125,SYN-PILOT-096,SYN-PILOT-125,as_stored,,2026-09-26T23:01:25.670Z
P0049,R1,A,SYN-PILOT-316,SYN-PILOT-316,SYN-PILOT-155,flipped,,2026-09-26T23:02:07.221Z
P0081,R1,B,SYN-PILOT-168,SYN-PILOT-396,SYN-PILOT-168,flipped,,2026-09-26T23:02:18.587Z
P0095,R1,A,SYN-PILOT-074,SYN-PILOT-074,SYN-PILOT-247,as_stored,,2026-09-26T23:02:34.237Z
P0086,R1,A,SYN-PILOT-398,SYN-PILOT-398,SYN-PILOT-110,as_stored,,2026-09-26T23:02:53.687Z
P0087,R1,B,SYN-PILOT-223,SYN-PILOT-051,SYN-PILOT-223,flipped,,2026-09-26T23:04:10.420Z
P0084,R1,A,SYN-PILOT-216,SYN-PILOT-216,SYN-PILOT-297,as_stored,,2026-09-26T23:05:14.687Z
P0096,R1,A,SYN-PILOT-219,SYN-PILOT-219,SYN-PILOT-247,flipped,,2026-09-26T23:05:26.154Z
P0090,R1,A,SYN-PILOT-168,SYN-PILOT-168,SYN-PILOT-395,flipped,,2026-09-26T23:05:45.254Z
P0093,R1,B,SYN-PILOT-170,SYN-PILOT-387,SYN-PILOT-170,as_stored,,2026-09-26T23:06:06.590Z
P0092,R1,B,SYN-PILOT-105,SYN-PILOT-386,SYN-PILOT-105,flipped,,2026-09-26T23:06:20.104Z
P0212,R1,B,SYN-PILOT-151,SYN-PILOT-316,SYN-PILOT-151,flipped,,2026-09-26T23:06:40.221Z
P0211,R1,B,SYN-PILOT-232,SYN-PILOT-236,SYN-PILOT-232,as_stored,,2026-09-26T23:06:52.371Z
P0226,R1,B,SYN-PILOT-154,SYN-PILOT-094,SYN-PILOT-154,as_stored,,2026-09-26T23:07:12.070Z
P0216,R1,A,SYN-PILOT-061,SYN-PILOT-061,SYN-PILOT-241,flipped,,2026-09-26T23:07:37.753Z
P0215,R1,A,SYN-PILOT-118,SYN-PILOT-118,SYN-PILOT-249,as_stored,,2026-09-26T23:07:50.339Z
P0225,R1,SAME,,SYN-PILOT-262,SYN-PILOT-089,flipped,,2026-09-26T23:08:15.937Z
P0222,R1,B,SYN-PILOT-095,SYN-PILOT-076,SYN-PILOT-095,as_stored,,2026-09-26T23:09:23.454Z
P0238,R1,B,SYN-PILOT-153,SYN-PILOT-396,SYN-PILOT-153,flipped,,2026-09-26T23:09:37.388Z
P0223,R1,A,SYN-PILOT-088,SYN-PILOT-088,SYN-PILOT-274,flipped,,2026-09-26T23:10:19.871Z
P0219,R1,A,SYN-PILOT-063,SYN-PILOT-063,SYN-PILOT-177,as_stored,,2026-09-26T23:10:51.054Z
P0299,R1,B,SYN-PILOT-269,SYN-PILOT-142,SYN-PILOT-269,as_stored,,2026-09-26T23:11:34.788Z
P0218,R1,B,SYN-PILOT-321,SYN-PILOT-357,SYN-PILOT-321,flipped,,2026-09-26T23:11:51.739Z
P0280,R1,A,SYN-PILOT-166,SYN-PILOT-166,SYN-PILOT-316,as_stored,,2026-09-26T23:12:05.471Z
P0231,R1,B,SYN-PILOT-104,SYN-PILOT-392,SYN-PILOT-104,as_stored,,2026-09-26T23:12:16.238Z
P0281,R1,A,SYN-PILOT-012,SYN-PILOT-012,SYN-PILOT-208,flipped,,2026-09-26T23:12:45.555Z
P0283,R1,B,SYN-PILOT-175,SYN-PILOT-310,SYN-PILOT-175,flipped,,2026-09-26T23:13:03.538Z
P0293,R1,A,SYN-PILOT-397,SYN-PILOT-397,SYN-PILOT-166,as_stored,,2026-09-26T23:13:22.122Z
P0228,R1,A,SYN-PILOT-032,SYN-PILOT-032,SYN-PILOT-234,as_stored,,2026-09-26T23:14:06.371Z
P0232,R1,A,SYN-PILOT-145,SYN-PILOT-145,SYN-PILOT-276,flipped,,2026-09-26T23:14:37.171Z
P0284,R1,A,SYN-PILOT-109,SYN-PILOT-109,SYN-PILOT-312,as_stored,,2026-09-26T23:14:59.388Z
P0229,R1,B,SYN-PILOT-049,SYN-PILOT-237,SYN-PILOT-049,flipped,,2026-09-26T23:15:14.537Z
P0235,R1,B,SYN-PILOT-106,SYN-PILOT-335,SYN-PILOT-106,as_stored,,2026-09-26T23:15:45.170Z
P0291,R1,B,SYN-PILOT-055,SYN-PILOT-293,SYN-PILOT-055,as_stored,,2026-09-26T23:16:04.306Z
P0234,R1,CANNOT_DETERMINE,,SYN-PILOT-324,SYN-PILOT-175,flipped,,2026-09-26T23:16:24.027Z
P0246,R1,A,SYN-PILOT-177,SYN-PILOT-177,SYN-PILOT-254,as_stored,,2026-09-26T23:16:46.570Z
P0286,R1,A,SYN-PILOT-305,SYN-PILOT-305,SYN-PILOT-156,as_stored,,2026-09-26T23:17:02.064Z
P0290,R1,A,SYN-PILOT-088,SYN-PILOT-088,SYN-PILOT-067,flipped,,2026-09-26T23:17:48.787Z
P0247,R1,B,SYN-PILOT-111,SYN-PILOT-307,SYN-PILOT-111,flipped,,2026-09-26T23:18:29.654Z
P0287,R1,A,SYN-PILOT-153,SYN-PILOT-153,SYN-PILOT-011,flipped,,2026-09-26T23:18:54.288Z
P0240,R1,B,SYN-PILOT-085,SYN-PILOT-219,SYN-PILOT-085,as_stored,,2026-09-26T23:19:29.821Z
P0296,R1,A,SYN-PILOT-165,SYN-PILOT-165,SYN-PILOT-027,flipped,,2026-09-26T23:20:03.871Z
P0242,R1,A,SYN-PILOT-037,SYN-PILOT-037,SYN-PILOT-391,as_stored,,2026-09-26T23:20:40.204Z
P0294,R1,B,SYN-PILOT-283,SYN-PILOT-135,SYN-PILOT-283,flipped,,2026-09-26T23:21:05.288Z
P0243,R1,A,SYN-PILOT-169,SYN-PILOT-169,SYN-PILOT-039,flipped,,2026-09-26T23:21:34.921Z
P0123,R1,B,SYN-PILOT-166,SYN-PILOT-399,SYN-PILOT-166,as_stored,,2026-09-26T23:22:08.586Z
P0122,R1,A,SYN-PILOT-312,SYN-PILOT-312,SYN-PILOT-182,flipped,,2026-09-26T23:22:29.638Z
P0125,R1,B,SYN-PILOT-148,SYN-PILOT-394,SYN-PILOT-148,as_stored,,2026-09-26T23:22:47.887Z
P0127,R1,A,SYN-PILOT-240,SYN-PILOT-240,SYN-PILOT-090,as_stored,,2026-09-26T23:23:03.949Z
P0129,R1,B,SYN-PILOT-109,SYN-PILOT-325,SYN-PILOT-109,as_stored,,2026-09-26T23:23:37.770Z
P0108,R1,B,SYN-PILOT-035,SYN-PILOT-293,SYN-PILOT-035,flipped,,2026-09-26T23:23:59.420Z
P0102,R1,A,SYN-PILOT-112,SYN-PILOT-112,SYN-PILOT-322,flipped,,2026-09-26T23:24:11.830Z
P0138,R1,B,SYN-PILOT-083,SYN-PILOT-340,SYN-PILOT-083,as_stored,,2026-09-26T23:24:22.870Z
P0101,R1,B,SYN-PILOT-163,SYN-PILOT-397,SYN-PILOT-163,as_stored,,2026-09-26T23:24:47.872Z
P0107,R1,A,SYN-PILOT-232,SYN-PILOT-232,SYN-PILOT-032,as_stored,,2026-09-26T23:25:01.587Z
P0137,R1,B,SYN-PILOT-197,SYN-PILOT-327,SYN-PILOT-197,flipped,,2026-09-26T23:25:19.437Z
P0105,R1,A,SYN-PILOT-069,SYN-PILOT-069,SYN-PILOT-249,as_stored,,2026-09-26T23:25:41.920Z
P0104,R1,A,SYN-PILOT-109,SYN-PILOT-109,SYN-PILOT-011,flipped,,2026-09-26T23:26:05.654Z
P0132,R1,B,SYN-PILOT-354,SYN-PILOT-360,SYN-PILOT-354,as_stored,,2026-09-26T23:26:22.972Z
P0133,R1,B,SYN-PILOT-333,SYN-PILOT-157,SYN-PILOT-333,flipped,,2026-09-26T23:26:38.321Z
P0130,R1,A,SYN-PILOT-115,SYN-PILOT-115,SYN-PILOT-324,as_stored,,2026-09-26T23:26:52.755Z
P0059,R1,A,SYN-PILOT-159,SYN-PILOT-159,SYN-PILOT-335,as_stored,,2026-09-26T23:27:07.889Z
